mode,0
1,0.9788159174609856
2,0.008561389686207697
3,0.002927720719963786
4,0.002375066980294702
