mode,0
1,0.30739548914861553
2,0.11769057736093484
3,0.0935162788044025
4,0.0811957005219712
