mode,0
1,0.3542321899055715
2,0.10341713382868517
3,0.08413574274941635
4,0.07519276733052886
