mode,0
1,0.3062817720054166
2,0.12021365194894817
3,0.09004232626206608
4,0.06812207080353637
