mode,0
1,0.31632144687452646
2,0.10778319292542518
3,0.09715808481944928
4,0.06866472340381773
